<?xml version="1.0" encoding="UTF-8"?>
<jcr:root xmlns:sling="http://sling.apache.org/jcr/sling/1.0" xmlns:granite="http://www.adobe.com/jcr/granite/1.0" xmlns:jcr="http://www.jcp.org/jcr/1.0" xmlns:nt="http://www.jcp.org/jcr/nt/1.0"
    jcr:mixinTypes="[sling:VanityPath]"
    jcr:primaryType="nt:unstructured"
    jcr:title="Edit Uptime Entry"
    sling:resourceType="granite/ui/components/shell/propertiespage"
    backHref="/apps/pugranch/admin/ext/uptime/content/admin.html"
    consoleId="cq-tools-operations-uptime-entry"
    formId="createUptimeEntryForm">
    <head jcr:primaryType="nt:unstructured">
        <clientlibs
            jcr:primaryType="nt:unstructured"
            sling:resourceType="granite/ui/components/coral/foundation/includeclientlibs"
            categories="[coralui3,granite.ui.coral.foundation]"/>
        <viewport
            jcr:primaryType="nt:unstructured"
            sling:resourceType="granite/ui/components/coral/foundation/admin/page/viewport"/>
        <meta
            jcr:primaryType="nt:unstructured"
            sling:resourceType="granite/ui/components/coral/foundation/meta"
            content="chrome=1"
            name="X-UA-Compatible"/>
        <favicon
            jcr:primaryType="nt:unstructured"
            sling:resourceType="granite/ui/components/coral/foundation/page/favicon"/>
    </head>
    <content
        granite:class="centered"
        granite:id="createUptimeEntryForm"
        jcr:primaryType="nt:unstructured"
        sling:resourceType="granite/ui/components/coral/foundation/form"
        action="/bin/pugranch/uptimeEntry"
        method="post"
        style="vertical">
        <items jcr:primaryType="nt:unstructured">
            <general
                jcr:primaryType="nt:unstructured"
                jcr:title="General"
                sling:resourceType="granite/ui/components/foundation/section">
                <layout
                    jcr:primaryType="nt:unstructured"
                    sling:resourceType="granite/ui/components/foundation/layouts/fixedcolumns"/>
                <items jcr:primaryType="nt:unstructured">
                    <column
                        jcr:primaryType="nt:unstructured"
                        sling:resourceType="granite/ui/components/foundation/container">
                        <items jcr:primaryType="nt:unstructured">
                            <uptimeform
                                jcr:primaryType="nt:unstructured"
                                sling:resourceType="pugranch/admin/ext/uptime/components/uptimeform"/>
                        </items>
                    </column>
                </items>
            </general>
        </items>
    </content>
    <title
        jcr:primaryType="nt:unstructured"
        sling:resourceType="granite/ui/components/coral/foundation/text"
        text="Edit Uptime Entry"/>
</jcr:root>